,input1,input2,output1,output2
input1,1.0,0.9997454795648096,0.9889716680134696,0.9908516438433145
input2,0.9997454795648096,1.0,0.9891324693915653,0.9912572998307345
output1,0.9889716680134696,0.9891324693915653,1.0,0.9902425603464514
output2,0.9908516438433145,0.9912572998307345,0.9902425603464514,1.0
