,input1,input2,output1,output2
input1,1.0,0.9961385994487875,0.9961375035235606,0.9999943615258242
input2,0.9961385994487875,1.0,0.999999006896764,0.9961621982168557
output1,0.9961375035235606,0.999999006896764,1.0,0.9961614312610823
output2,0.9999943615258242,0.9961621982168557,0.9961614312610823,1.0
