,input1,input2,output1,output2
input1,1.0,0.9938060840611127,0.9999907725269738,0.9937933006148141
input2,0.9938060840611127,1.0,0.9936773653143632,0.9999980043032438
output1,0.9999907725269738,0.9936773653143632,1.0,0.9936655015771017
output2,0.9937933006148141,0.9999980043032438,0.9936655015771017,1.0
